{
"skeleton": {
	"hash": "FH/RmN73bEwPPZfiWwT2Fju/FHk",
	"spine": "3.8.55",
	"x": -92.53,
	"y": -5.3,
	"width": 234.03,
	"height": 354.91,
	"images": "./images/",
	"audio": ""
},
"bones": [
	{ "name": "root" },
	{ "name": "hip", "parent": "root", "x": 0.65, "y": 114.41, "color": "ffd300ff" },
	{
		"name": "torso",
		"parent": "hip",
		"length": 85.83,
		"rotation": 93.93,
		"x": -6.42,
		"y": 1.98,
		"color": "ffd300ff"
	},
	{
		"name": "neck",
		"parent": "torso",
		"length": 18.38,
		"rotation": -1.52,
		"x": 81.68,
		"y": -6.35,
		"color": "ffd300ff"
	},
	{
		"name": "head",
		"parent": "neck",
		"length": 68.29,
		"rotation": -13.92,
		"x": 20.94,
		"y": 11.59,
		"color": "ffd300ff"
	},
	{
		"name": "left-shoulder",
		"parent": "torso",
		"length": 35.43,
		"rotation": -156.96,
		"x": 74.05,
		"y": -20.39,
		"color": "ff0000ff"
	},
	{
		"name": "left-arm",
		"parent": "left-shoulder",
		"length": 35.62,
		"rotation": 28.17,
		"x": 37.86,
		"y": -2.35,
		"color": "ff0000ff"
	},
	{
		"name": "left-upper-leg",
		"parent": "hip",
		"length": 50.4,
		"rotation": -89.1,
		"x": 14.45,
		"y": 2.81,
		"color": "ff0000ff"
	},
	{
		"name": "left-lower-leg",
		"parent": "left-upper-leg",
		"length": 49.9,
		"rotation": -16.66,
		"x": 56.34,
		"y": 0.99,
		"color": "ff0000ff"
	},
	{
		"name": "left-foot",
		"parent": "left-lower-leg",
		"length": 46.5,
		"rotation": 102.43,
		"x": 58.94,
		"y": -7.61,
		"color": "ff0000ff"
	},
	{
		"name": "left-hand",
		"parent": "left-arm",
		"length": 11.52,
		"rotation": 2.7,
		"x": 35.62,
		"y": 0.08,
		"color": "ff0000ff"
	},
	{ "name": "pelvis", "parent": "hip", "x": 1.41, "y": -6.58, "color": "ffd300ff" },
	{
		"name": "right-shoulder",
		"parent": "torso",
		"length": 37.25,
		"rotation": 133.89,
		"x": 76.02,
		"y": 18.15,
		"color": "54ff00ff"
	},
	{
		"name": "right-arm",
		"parent": "right-shoulder",
		"length": 36.75,
		"rotation": 36.33,
		"x": 37.61,
		"y": 0.31,
		"color": "54ff00ff"
	},
	{
		"name": "right-upper-leg",
		"parent": "hip",
		"length": 42.46,
		"rotation": -97.5,
		"x": -20.08,
		"y": -6.84,
		"color": "54ff00ff"
	},
	{
		"name": "right-lower-leg",
		"parent": "right-upper-leg",
		"length": 58.53,
		"rotation": -14.34,
		"x": 43,
		"y": -0.62,
		"color": "54ff00ff"
	},
	{
		"name": "right-foot",
		"parent": "right-lower-leg",
		"length": 45.46,
		"rotation": 110.31,
		"x": 64.89,
		"y": 0.04,
		"color": "54ff00ff"
	},
	{
		"name": "right-hand",
		"parent": "right-arm",
		"length": 15.32,
		"rotation": 2.36,
		"x": 36.9,
		"y": 0.35,
		"color": "54ff00ff"
	}
],
"slots": [
	{ "name": "left-shoulder", "bone": "left-shoulder", "attachment": "left-shoulder" },
	{ "name": "left-arm", "bone": "left-arm", "attachment": "left-arm" },
	{ "name": "left-hand-item", "bone": "left-hand", "attachment": "spear" },
	{ "name": "left-hand", "bone": "left-hand", "attachment": "left-hand" },
	{ "name": "left-foot", "bone": "left-foot", "attachment": "left-foot" },
	{ "name": "left-lower-leg", "bone": "left-lower-leg", "attachment": "left-lower-leg" },
	{ "name": "left-upper-leg", "bone": "left-upper-leg", "attachment": "left-upper-leg" },
	{ "name": "neck", "bone": "neck", "attachment": "neck" },
	{ "name": "torso", "bone": "torso", "attachment": "torso" },
	{ "name": "pelvis", "bone": "pelvis", "attachment": "pelvis" },
	{ "name": "right-foot", "bone": "right-foot", "attachment": "right-foot" },
	{ "name": "right-lower-leg", "bone": "right-lower-leg", "attachment": "right-lower-leg" },
	{ "name": "undie-straps", "bone": "pelvis", "attachment": "undie-straps" },
	{ "name": "undies", "bone": "pelvis", "attachment": "undies" },
	{ "name": "right-upper-leg", "bone": "right-upper-leg", "attachment": "right-upper-leg" },
	{ "name": "head", "bone": "head", "attachment": "head" },
	{ "name": "eyes", "bone": "head" },
	{ "name": "right-shoulder", "bone": "right-shoulder", "attachment": "right-shoulder" },
	{ "name": "right-arm", "bone": "right-arm", "attachment": "right-arm" },
	{ "name": "right-hand-item", "bone": "right-hand" },
	{ "name": "right-hand", "bone": "right-hand", "attachment": "right-hand" },
	{ "name": "right-hand-item-top", "bone": "right-hand", "attachment": "shield" }
],
"skins": [
	{
		"name": "default",
		"attachments": {
			"right-hand-item": {
				"dagger": { "x": 6.52, "y": -24.16, "rotation": -8.06, "width": 26, "height": 108 }
			},
			"right-hand-item-top": {
				"shield": { "rotation": 93.5, "width": 70, "height": 72 }
			},
			"left-hand-item": {
				"dagger": { "x": 7.88, "y": -23.46, "rotation": 10.48, "width": 26, "height": 108 },
				"spear": { "x": -4.56, "y": 39.2, "rotation": 13.05, "width": 22, "height": 368 }
			}
		}
	},
	{
		"name": "goblin",
		"attachments": {
			"right-hand": {
				"right-hand": { "name": "goblin/right-hand", "x": 7.89, "y": 2.78, "rotation": 91.96, "width": 36, "height": 37 }
			},
			"undies": {
				"undies": { "name": "goblin/undies", "x": 6.3, "y": 0.13, "rotation": 0.92, "width": 36, "height": 29 }
			},
			"right-lower-leg": {
				"right-lower-leg": { "name": "goblin/right-lower-leg", "x": 25.68, "y": -3.16, "rotation": 111.84, "width": 36, "height": 76 }
			},
			"left-arm": {
				"left-arm": {
					"name": "goblin/left-arm",
					"x": 16.7,
					"y": -1.69,
					"scaleX": 1.0573,
					"scaleY": 1.0573,
					"rotation": 33.85,
					"width": 37,
					"height": 35
				}
			},
			"undie-straps": {
				"undie-straps": { "name": "goblin/undie-straps", "x": -3.88, "y": 13.11, "scaleX": 1.0896, "width": 55, "height": 19 }
			},
			"left-upper-leg": {
				"left-upper-leg": { "name": "goblin/left-upper-leg", "x": 29.69, "y": -3.87, "rotation": 89.1, "width": 33, "height": 73 }
			},
			"neck": {
				"neck": { "name": "goblin/neck", "x": 10.1, "y": 0.42, "rotation": -93.7, "width": 36, "height": 41 }
			},
			"head": {
				"head": { "name": "goblin/head", "x": 25.74, "y": 2.33, "rotation": -92.29, "width": 103, "height": 66 }
			},
			"eyes": {
				"eyes-closed": { "name": "goblin/eyes-closed", "x": 32.22, "y": -21.27, "rotation": -88.93, "width": 34, "height": 12 }
			},
			"left-shoulder": {
				"left-shoulder": { "name": "goblin/left-shoulder", "x": 15.56, "y": -2.27, "rotation": 62.01, "width": 29, "height": 44 }
			},
			"pelvis": {
				"pelvis": { "name": "goblin/pelvis", "x": -5.62, "y": 0.77, "width": 62, "height": 43 }
			},
			"right-arm": {
				"right-arm": { "name": "goblin/right-arm", "x": 16.44, "y": -1.04, "rotation": 94.32, "width": 23, "height": 50 }
			},
			"right-shoulder": {
				"right-shoulder": { "name": "goblin/right-shoulder", "x": 15.68, "y": -1.03, "rotation": 130.65, "width": 39, "height": 45 }
			},
			"right-upper-leg": {
				"right-upper-leg": { "name": "goblin/right-upper-leg", "x": 20.35, "y": 1.48, "rotation": 97.5, "width": 34, "height": 63 }
			},
			"torso": {
				"torso": { "name": "goblin/torso", "x": 38.1, "y": -3.87, "rotation": -94.95, "width": 68, "height": 96 }
			},
			"left-foot": {
				"left-foot": { "name": "goblin/left-foot", "x": 24.85, "y": 8.75, "rotation": 3.32, "width": 65, "height": 31 }
			},
			"left-hand": {
				"left-hand": {
					"name": "goblin/left-hand",
					"x": 3.47,
					"y": 3.41,
					"scaleX": 0.8922,
					"scaleY": 0.8922,
					"rotation": 31.14,
					"width": 36,
					"height": 41
				}
			},
			"left-lower-leg": {
				"left-lower-leg": { "name": "goblin/left-lower-leg", "x": 23.59, "y": -2.07, "rotation": 105.76, "width": 33, "height": 70 }
			},
			"right-foot": {
				"right-foot": { "name": "goblin/right-foot", "x": 23.57, "y": 9.8, "rotation": 1.53, "width": 63, "height": 33 }
			}
		}
	},
	{
		"name": "goblingirl",
		"attachments": {
			"right-hand": {
				"right-hand": { "name": "goblingirl/right-hand", "x": 7.22, "y": 3.44, "rotation": 91.17, "width": 36, "height": 37 }
			},
			"undies": {
				"undies": { "name": "goblingirl/undies", "x": 5.4, "y": 1.71, "width": 36, "height": 29 }
			},
			"right-lower-leg": {
				"right-lower-leg": { "name": "goblingirl/right-lower-leg", "x": 26.15, "y": -3.28, "rotation": 111.84, "width": 36, "height": 76 }
			},
			"left-arm": {
				"left-arm": { "name": "goblingirl/left-arm", "x": 19.64, "y": -2.43, "rotation": 33.05, "width": 37, "height": 35 }
			},
			"undie-straps": {
				"undie-straps": { "name": "goblingirl/undie-straps", "x": -1.52, "y": 14.19, "width": 55, "height": 19 }
			},
			"left-upper-leg": {
				"left-upper-leg": { "name": "goblingirl/left-upper-leg", "x": 30.22, "y": -2.95, "rotation": 89.1, "width": 33, "height": 70 }
			},
			"neck": {
				"neck": { "name": "goblingirl/neck", "x": 6.16, "y": -3.15, "rotation": -98.86, "width": 35, "height": 41 }
			},
			"head": {
				"head": { "name": "goblingirl/head", "x": 27.72, "y": -4.32, "rotation": -85.58, "width": 103, "height": 81 }
			},
			"eyes": {
				"eyes-closed": { "name": "goblingirl/eyes-closed", "x": 28, "y": -25.55, "rotation": -87.05, "width": 37, "height": 21 }
			},
			"left-shoulder": {
				"left-shoulder": { "name": "goblingirl/left-shoulder", "x": 19.81, "y": -0.43, "rotation": 61.22, "width": 28, "height": 46 }
			},
			"pelvis": {
				"pelvis": { "name": "goblingirl/pelvis", "x": -3.88, "y": 3.19, "width": 62, "height": 43 }
			},
			"right-arm": {
				"right-arm": { "name": "goblingirl/right-arm", "x": 16.85, "y": -0.66, "rotation": 93.53, "width": 28, "height": 50 }
			},
			"right-shoulder": {
				"right-shoulder": { "name": "goblingirl/right-shoulder", "x": 14.46, "y": 0.46, "rotation": 129.85, "width": 39, "height": 45 }
			},
			"right-upper-leg": {
				"right-upper-leg": { "name": "goblingirl/right-upper-leg", "x": 19.7, "y": 2.13, "rotation": 97.5, "width": 34, "height": 63 }
			},
			"torso": {
				"torso": { "name": "goblingirl/torso", "x": 36.28, "y": -5.14, "rotation": -95.75, "width": 68, "height": 96 }
			},
			"left-foot": {
				"left-foot": { "name": "goblingirl/left-foot", "x": 25.18, "y": 7.92, "rotation": 3.32, "width": 65, "height": 31 }
			},
			"left-hand": {
				"left-hand": {
					"name": "goblingirl/left-hand",
					"x": 4.34,
					"y": 2.39,
					"scaleX": 0.8965,
					"scaleY": 0.8965,
					"rotation": 30.35,
					"width": 35,
					"height": 40
				}
			},
			"left-lower-leg": {
				"left-lower-leg": { "name": "goblingirl/left-lower-leg", "x": 25.02, "y": -0.61, "rotation": 105.76, "width": 33, "height": 70 }
			},
			"right-foot": {
				"right-foot": { "name": "goblingirl/right-foot", "x": 23.46, "y": 9.66, "rotation": 1.53, "width": 63, "height": 33 }
			}
		}
	}
],
"animations": {
	"walk": {
		"slots": {
			"eyes": {
				"attachment": [
					{ "time": 0.7, "name": "eyes-closed" },
					{ "time": 0.8, "name": null }
				]
			}
		},
		"bones": {
			"left-upper-leg": {
				"rotate": [
					{ "angle": -26.56 },
					{ "time": 0.1333, "angle": -8.79 },
					{ "time": 0.2333, "angle": 9.51 },
					{ "time": 0.3667, "angle": 30.74 },
					{ "time": 0.5, "angle": 25.34 },
					{ "time": 0.6333, "angle": 26.12 },
					{ "time": 0.7333, "angle": -7.71 },
					{ "time": 0.8667, "angle": -21.19 },
					{ "time": 1, "angle": -26.56 }
				],
				"translate": [
					{ "x": -1.32, "y": 1.71 },
					{ "time": 0.3667, "x": -0.06, "y": 2.43 },
					{ "time": 1, "x": -1.32, "y": 1.71 }
				]
			},
			"right-upper-leg": {
				"rotate": [
					{ "angle": 42.45 },
					{ "time": 0.1333, "angle": 52.11 },
					{ "time": 0.2333, "angle": 8.54 },
					{ "time": 0.5, "angle": -16.94 },
					{ "time": 0.6333, "angle": 1.9 },
					{ "time": 0.7333, "angle": 28.06, "curve": 0.463, "c2": 0.12 },
					{ "time": 0.8667, "angle": 58.69, "curve": 0.5, "c2": 0.02 },
					{ "time": 1, "angle": 42.45 }
				],
				"translate": [
					{ "x": 6.24 },
					{ "time": 0.2333, "x": 2.14, "y": 2.4 },
					{ "time": 0.5, "x": 2.44, "y": 4.8 },
					{ "time": 1, "x": 6.24 }
				]
			},
			"left-lower-leg": {
				"rotate": [
					{ "angle": -22.98 },
					{ "time": 0.1333, "angle": -63.51 },
					{ "time": 0.2333, "angle": -73.76 },
					{ "time": 0.5, "angle": 5.12 },
					{ "time": 0.6333, "angle": -28.3 },
					{ "time": 0.7333, "angle": 4.08 },
					{ "time": 0.8667, "angle": 3.53 },
					{ "time": 1, "angle": -22.98 }
				],
				"translate": [
					{},
					{ "time": 0.2333, "x": 2.56, "y": -0.47 },
					{ "time": 0.5 }
				]
			},
			"left-foot": {
				"rotate": [
					{ "angle": -3.69 },
					{ "time": 0.1333, "angle": -10.42 },
					{ "time": 0.2333, "angle": -5.01 },
					{ "time": 0.3667, "angle": 3.87 },
					{ "time": 0.5, "angle": -3.88 },
					{ "time": 0.6333, "angle": 2.78 },
					{ "time": 0.7333, "angle": 1.68 },
					{ "time": 0.8667, "angle": -8.54 },
					{ "time": 1, "angle": -3.69 }
				]
			},
			"right-shoulder": {
				"rotate": [
					{ "angle": 5.29, "curve": 0.264, "c3": 0.75 },
					{ "time": 0.6333, "angle": 6.65 },
					{ "time": 1, "angle": 5.29 }
				]
			},
			"right-arm": {
				"rotate": [
					{ "angle": -4.03, "curve": 0.267, "c2": 0.01, "c3": 0.805, "c4": 0.99 },
					{ "time": 0.6333, "angle": 19.79, "curve": 0.307, "c3": 0.787, "c4": 0.99 },
					{ "time": 1, "angle": -4.03 }
				]
			},
			"right-hand": {
				"rotate": [
					{ "angle": 8.99 },
					{ "time": 0.6333, "angle": 0.51 },
					{ "time": 1, "angle": 8.99 }
				]
			},
			"left-shoulder": {
				"rotate": [
					{ "angle": 6.26, "curve": 0.339, "c3": 0.684 },
					{ "time": 0.5, "angle": -11.79, "curve": 0.282, "c3": 0.687, "c4": 0.99 },
					{ "time": 1, "angle": 6.26 }
				],
				"translate": [
					{ "x": 1.15, "y": 0.24 }
				]
			},
			"left-hand": {
				"rotate": [
					{ "angle": -21.24, "curve": 0.296, "c3": 0.756, "c4": 0.99 },
					{ "time": 0.5, "angle": -27.28, "curve": 0.241, "c3": 0.75, "c4": 0.97 },
					{ "time": 1, "angle": -21.24 }
				]
			},
			"left-arm": {
				"rotate": [
					{ "angle": 28.38, "curve": 0.339, "c3": 0.684 },
					{ "time": 0.5, "angle": 60.09, "curve": 0.282, "c3": 0.687, "c4": 0.99 },
					{ "time": 1, "angle": 28.38 }
				]
			},
			"torso": {
				"rotate": [
					{ "angle": -10.28 },
					{ "time": 0.1333, "angle": -15.39, "curve": 0.546, "c2": 0.01, "c3": 0.819 },
					{ "time": 0.3667, "angle": -9.78, "curve": 0.58, "c2": 0.17, "c3": 0.67, "c4": 0.99 },
					{ "time": 0.6333, "angle": -15.75, "curve": 0.236, "c2": 0.01, "c3": 0.796 },
					{ "time": 0.8667, "angle": -7.07, "curve": 0.21, "c3": 0.816, "c4": 0.99 },
					{ "time": 1, "angle": -10.28 }
				],
				"translate": [
					{ "x": -1.29, "y": 1.69 }
				]
			},
			"right-foot": {
				"rotate": [
					{ "angle": -5.25 },
					{ "time": 0.2333, "angle": -1.91 },
					{ "time": 0.3667, "angle": -6.45 },
					{ "time": 0.5, "angle": -5.4 },
					{ "time": 0.7333, "angle": -11.69 },
					{ "time": 0.8667, "angle": 0.46 },
					{ "time": 1, "angle": -5.25 }
				]
			},
			"right-lower-leg": {
				"rotate": [
					{ "angle": -3.39, "curve": 0.316, "c2": 0.02, "c3": 0.741, "c4": 0.99 },
					{ "time": 0.1333, "angle": -45.53, "curve": 0.23, "c3": 0.739, "c4": 0.97 },
					{ "time": 0.2333, "angle": -4.83 },
					{ "time": 0.5, "angle": -19.53 },
					{ "time": 0.6333, "angle": -64.8 },
					{ "time": 0.7333, "angle": -82.56, "curve": 0.557, "c2": 0.18 },
					{ "time": 1, "angle": -3.39 }
				],
				"translate": [
					{ "time": 0.5 },
					{ "time": 0.6333, "x": 2.19, "y": 0.21 },
					{ "time": 1 }
				]
			},
			"hip": {
				"translate": [
					{ "y": -4.16 },
					{ "time": 0.1333, "y": -7.06, "curve": 0.359, "c2": 0.47, "c3": 0.647, "c4": 0.75 },
					{ "time": 0.3667, "y": 6.78 },
					{ "time": 0.5, "y": -6.14 },
					{ "time": 0.6333, "y": -7.06, "curve": 0.359, "c2": 0.47, "c3": 0.647, "c4": 0.75 },
					{ "time": 0.8667, "y": 6.78 },
					{ "time": 1, "y": -4.16 }
				]
			},
			"neck": {
				"rotate": [
					{ "angle": 3.6 },
					{ "time": 0.1333, "angle": 17.5 },
					{ "time": 0.2333, "angle": 6.11 },
					{ "time": 0.3667, "angle": 3.46 },
					{ "time": 0.5, "angle": 5.18 },
					{ "time": 0.6333, "angle": 18.36 },
					{ "time": 0.7333, "angle": 6.09 },
					{ "time": 0.8667, "angle": 2.29 },
					{ "time": 1, "angle": 3.6 }
				]
			},
			"head": {
				"rotate": [
					{ "angle": 3.6, "curve": 0, "c3": 0.704, "c4": 1.18 },
					{ "time": 0.1333, "angle": -0.21 },
					{ "time": 0.2333, "angle": 6.11 },
					{ "time": 0.3667, "angle": 3.46 },
					{ "time": 0.5, "angle": 5.18, "curve": 0, "c3": 0.704, "c4": 1.62 },
					{ "time": 0.6667, "angle": 1.11 },
					{ "time": 0.7333, "angle": 6.09 },
					{ "time": 0.8667, "angle": 2.29 },
					{ "time": 1, "angle": 3.6 }
				]
			}
		}
	}
}
}