{
"skeleton": {
	"hash": "nu+SvEKMRXtBh1Vsb6I5rYBBcDU",
	"spine": "3.8.55",
	"x": -207.3,
	"y": 119.41,
	"width": 413.19,
	"height": 195.71,
	"images": "./images/",
	"audio": ""
},
"bones": [
	{ "name": "root" },
	{ "name": "powerup", "parent": "root", "x": 1.48, "y": 134.02 },
	{ "name": "token-root", "parent": "powerup", "x": -0.47, "y": 56.14 },
	{ "name": "left-wing", "parent": "token-root", "x": -91.06, "y": 7.8 },
	{ "name": "right-wing", "parent": "token-root", "x": 86.82, "y": 7.12 },
	{ "name": "stars", "parent": "root", "x": 1.23, "y": 191.25 },
	{ "name": "star", "parent": "stars", "x": 2.84, "y": 4.76 },
	{ "name": "star1", "parent": "stars", "x": -2.2, "y": -2.04 },
	{ "name": "star2", "parent": "stars", "x": -1.37, "y": -4.16 },
	{ "name": "star3", "parent": "stars", "x": -0.84, "y": -3.78 },
	{ "name": "star4", "parent": "stars", "x": 10.09, "y": 14.53 },
	{ "name": "star5", "parent": "stars", "x": 11.5, "y": -12.29 },
	{ "name": "star6", "parent": "stars", "x": -20.74, "y": -23.45 },
	{ "name": "star7", "parent": "stars", "x": -5.86, "y": -35.85 },
	{ "name": "star8", "parent": "stars", "x": 8.41, "y": -10.05 },
	{ "name": "star9", "parent": "stars", "x": -1.62, "y": -7.34 },
	{ "name": "token", "parent": "token-root", "x": -1.19, "y": -1.81, "scaleX": 0.7714, "scaleY": 0.7714 }
],
"slots": [
	{ "name": "right-wing", "bone": "right-wing", "attachment": "wing" },
	{ "name": "left-wing", "bone": "left-wing", "attachment": "wing" },
	{ "name": "star", "bone": "star", "color": "ffffff00", "attachment": "star", "blend": "additive" },
	{ "name": "star1", "bone": "star1", "color": "ffa5a500", "attachment": "star", "blend": "additive" },
	{ "name": "star2", "bone": "star2", "color": "ffffff00", "attachment": "star", "blend": "additive" },
	{ "name": "star3", "bone": "star3", "color": "ffffff00", "attachment": "star", "blend": "additive" },
	{ "name": "star4", "bone": "star4", "color": "ffffff00", "attachment": "star", "blend": "additive" },
	{ "name": "star5", "bone": "star5", "color": "ffffff00", "attachment": "star", "blend": "additive" },
	{ "name": "star6", "bone": "star6", "color": "ffffff00", "attachment": "star", "blend": "additive" },
	{ "name": "star7", "bone": "star7", "color": "ffffff00", "attachment": "star", "blend": "additive" },
	{ "name": "star8", "bone": "star8", "color": "ffffff00", "attachment": "star", "blend": "additive" },
	{ "name": "star9", "bone": "star9", "color": "ffffff00", "attachment": "star", "blend": "additive" },
	{ "name": "token", "bone": "token", "attachment": "token" }
],
"skins": [
	{
		"name": "default",
		"attachments": {
			"left-wing": {
				"wing": { "x": -48.75, "y": 42.16, "scaleX": -1, "width": 137, "height": 150 }
			},
			"star": {
				"star": { "width": 76, "height": 72 }
			},
			"right-wing": {
				"wing": { "x": 49.56, "y": 42.32, "width": 137, "height": 150 }
			},
			"star1": {
				"star": { "width": 76, "height": 72 }
			},
			"star2": {
				"star": { "width": 76, "height": 72 }
			},
			"star3": {
				"star": { "width": 76, "height": 72 }
			},
			"star4": {
				"star": { "width": 76, "height": 72 }
			},
			"star5": {
				"star": { "width": 76, "height": 72 }
			},
			"star6": {
				"star": { "width": 76, "height": 72 }
			},
			"star7": {
				"star": { "width": 76, "height": 72 }
			},
			"star8": {
				"star": { "width": 76, "height": 72 }
			},
			"star9": {
				"star": { "width": 76, "height": 72 }
			},
			"token": {
				"token": { "x": 1.19, "y": 1.81, "width": 123, "height": 122 }
			}
		}
	}
],
"animations": {
	"bounce": {
		"slots": {
			"star7": {
				"color": [
					{ "time": 0.6667, "color": "ffffff00" },
					{ "time": 1.2333, "color": "ffffffff" },
					{ "time": 1.3667, "color": "ffffff00" }
				]
			},
			"star": {
				"color": [
					{ "color": "ffffff00" },
					{ "time": 0.5667, "color": "ffffffff" },
					{ "time": 0.7, "color": "ffffff00" }
				]
			},
			"star2": {
				"color": [
					{ "time": 0.1333, "color": "ffffff00" },
					{ "time": 0.7, "color": "ffffffff" },
					{ "time": 0.8333, "color": "ffffff00" }
				]
			},
			"star6": {
				"color": [
					{ "color": "ffffffff", "curve": "stepped" },
					{ "time": 0.2667, "color": "ffffffff" },
					{ "time": 0.4333, "color": "ffffff00", "curve": "stepped" },
					{ "time": 1.3, "color": "ffffff00" },
					{ "time": 1.4, "color": "ffffffff" }
				]
			},
			"star9": {
				"color": [
					{ "color": "ffffffff" },
					{ "time": 0.1333, "color": "ffffff00", "curve": "stepped" },
					{ "time": 0.8333, "color": "ffffff00" },
					{ "time": 1.4, "color": "ffffffff" }
				]
			},
			"star5": {
				"color": [
					{ "color": "ffffff9e" },
					{ "time": 0.2333, "color": "ffffffff" },
					{ "time": 0.3667, "color": "ffffff00", "curve": "stepped" },
					{ "time": 1.0667, "color": "ffffff00" },
					{ "time": 1.4, "color": "ffffff9e" }
				]
			},
			"star4": {
				"color": [
					{ "time": 0.6333, "color": "ffffff00" },
					{ "time": 1.2, "color": "ffffffff" },
					{ "time": 1.3333, "color": "ffffff00" }
				]
			},
			"star3": {
				"color": [
					{ "time": 0.4333, "color": "ffffff00" },
					{ "time": 1, "color": "ffffffff" },
					{ "time": 1.1333, "color": "ffffff00" }
				]
			},
			"star1": {
				"color": [
					{ "time": 0.2667, "color": "fff9f600" },
					{ "time": 0.8333, "color": "ffffffff" },
					{ "time": 0.9667, "color": "fff0f200" }
				]
			},
			"star8": {
				"color": [
					{ "color": "ffffffbe" },
					{ "time": 0.1333, "color": "ffffffff" },
					{ "time": 0.2667, "color": "ffffff00", "curve": "stepped" },
					{ "time": 0.9667, "color": "ffffff00" },
					{ "time": 1.4, "color": "ffffffbe" }
				]
			}
		},
		"bones": {
			"star": {
				"rotate": [
					{ "angle": 28.26 },
					{ "time": 0.7, "angle": -42.08 }
				],
				"translate": [
					{ "y": 36.09 },
					{ "time": 0.7, "x": 86.68, "y": 68.32 }
				],
				"scale": [
					{ "x": 0.439, "y": 0.439 },
					{ "time": 0.7 }
				]
			},
			"star1": {
				"rotate": [
					{ "time": 0.2667, "angle": 13.37 },
					{ "time": 0.9667, "angle": 89.61 }
				],
				"translate": [
					{ "time": 0.2667, "x": -1.1, "y": -32.14 },
					{ "time": 0.9667, "x": 48.31, "y": -143.12 }
				],
				"scale": [
					{ "time": 0.2667, "x": 0.392, "y": 0.392 },
					{ "time": 0.9667, "x": 0.816, "y": 0.816 }
				]
			},
			"star2": {
				"rotate": [
					{ "time": 0.1333, "angle": -42.68 },
					{ "time": 0.8333, "angle": 88.41 }
				],
				"translate": [
					{ "time": 0.1333, "x": -20.62, "y": -2.93 },
					{ "time": 0.8333, "x": -57.86, "y": -97.4 }
				],
				"scale": [
					{ "time": 0.1333, "x": 0.212, "y": 0.212 },
					{ "time": 0.8333, "x": 0.653, "y": 0.653 }
				]
			},
			"star3": {
				"rotate": [
					{ "time": 0.4333, "angle": 57.72 },
					{ "time": 1.1333, "angle": -105.15 }
				],
				"translate": [
					{ "time": 0.4333, "x": 0.71, "y": -21.17 },
					{ "time": 1.1333, "x": 64.79, "y": 121.95 }
				],
				"scale": [
					{ "time": 0.4333, "x": 0.241, "y": 0.241 },
					{ "time": 1.1333, "x": 0.776, "y": 0.776 }
				]
			},
			"star4": {
				"rotate": [
					{ "time": 0.6333, "angle": 37.66 },
					{ "time": 1.3333, "angle": -102.16 }
				],
				"translate": [
					{ "time": 0.6333, "x": 13.08, "y": 26.83 },
					{ "time": 1.3333, "x": -0.99, "y": 82.82 }
				],
				"scale": [
					{ "time": 0.6333, "x": 0.276, "y": 0.276 },
					{ "time": 1.3333, "x": 1.081, "y": 1.081 }
				]
			},
			"star5": {
				"rotate": [
					{ "angle": -43.26 },
					{ "time": 0.3667, "angle": -41.3, "curve": "stepped" },
					{ "time": 1.0667, "angle": -47.18 },
					{ "time": 1.4, "angle": -43.26 }
				],
				"translate": [
					{ "x": -38.95, "y": 40.56 },
					{ "time": 0.3667, "x": -51.51, "y": 79.28, "curve": "stepped" },
					{ "time": 1.0667, "x": -13.84, "y": -36.89 },
					{ "time": 1.4, "x": -38.95, "y": 40.56 }
				],
				"scale": [
					{ "x": 0.431, "y": 0.431 },
					{ "time": 0.3667, "x": 0.476, "y": 0.476, "curve": "stepped" },
					{ "time": 1.0667, "x": 0.341, "y": 0.341 },
					{ "time": 1.4, "x": 0.431, "y": 0.431 }
				]
			},
			"star6": {
				"rotate": [
					{ "angle": 20.9 },
					{ "time": 0.4333, "angle": -73.07, "curve": "stepped" },
					{ "time": 1.3, "angle": 42.59 },
					{ "time": 1.4, "angle": 20.9 }
				],
				"translate": [
					{ "x": 0.42, "y": 84.54 },
					{ "time": 0.4333, "x": -28.9, "y": 184.89, "curve": "stepped" },
					{ "time": 1.3, "x": 7.19, "y": 61.38 },
					{ "time": 1.4, "x": 0.42, "y": 84.54 }
				],
				"scale": [
					{ "x": 0.364, "y": 0.364 },
					{ "time": 0.4333, "x": 0.956, "y": 0.956, "curve": "stepped" },
					{ "time": 1.3, "x": 0.228, "y": 0.228 },
					{ "time": 1.4, "x": 0.364, "y": 0.364 }
				]
			},
			"star7": {
				"rotate": [
					{ "time": 0.6667, "angle": 41.12 },
					{ "time": 1.3667, "angle": -89.85 }
				],
				"translate": [
					{ "time": 0.6667, "x": 30.79, "y": 81.42 },
					{ "time": 1.3667, "x": -67.8, "y": -68.56 }
				],
				"scale": [
					{ "time": 0.6667, "x": 0.259, "y": 0.259 },
					{ "time": 1.3667, "x": 0.999, "y": 0.999 }
				]
			},
			"star9": {
				"rotate": [
					{ "angle": 49.48 },
					{ "time": 0.1333, "angle": 71.89, "curve": "stepped" },
					{ "time": 0.8333, "angle": -40.17 },
					{ "time": 1.4, "angle": 49.48 }
				],
				"translate": [
					{ "x": -78.75, "y": 77.18 },
					{ "time": 0.1333, "x": -98.44, "y": 96.48, "curve": "stepped" },
					{ "time": 0.8333, "x": 16.04, "y": 35.39 },
					{ "time": 1.4, "x": -78.75, "y": 77.18 }
				],
				"scale": [
					{ "x": 0.773, "y": 0.773 },
					{ "time": 0.1333, "x": 0.91, "y": 0.91, "curve": "stepped" },
					{ "time": 0.8333, "x": 0.222, "y": 0.222 },
					{ "time": 1.4, "x": 0.773, "y": 0.773 }
				]
			},
			"star8": {
				"rotate": [
					{ "angle": -60.18 },
					{ "time": 0.2667, "angle": -109.84, "curve": "stepped" },
					{ "time": 0.9667, "angle": 14.31 },
					{ "time": 1.4, "angle": -60.18 }
				],
				"translate": [
					{ "x": 44.64, "y": -41.66 },
					{ "time": 0.2667, "x": 74.4, "y": -69.44, "curve": "stepped" },
					{ "time": 0.9667, "x": -6.64, "y": -25.44 },
					{ "time": 1.4, "x": 44.64, "y": -41.66 }
				],
				"scale": [
					{ "x": 0.452, "y": 0.452 },
					{ "time": 0.2667, "x": 0.672, "y": 0.672, "curve": "stepped" },
					{ "time": 0.9667, "x": 0.123, "y": 0.123 },
					{ "time": 1.4, "x": 0.452, "y": 0.452 }
				]
			},
			"token-root": {
				"translate": [
					{ "y": 53.3, "curve": 0.559, "c3": 0.75 },
					{ "time": 0.4, "x": 0.67, "y": -102.27, "curve": 0.462, "c3": 0.373 },
					{ "time": 0.7, "y": 53.3, "curve": 0.559, "c3": 0.75 },
					{ "time": 1.1, "x": -1.8, "y": -105.32, "curve": 0.371, "c2": 0.1, "c3": 0.373 },
					{ "time": 1.4, "y": 53.3 }
				]
			},
			"left-wing": {
				"rotate": [
					{ "angle": 59.35, "curve": 0.25, "c3": 0.75 },
					{ "time": 0.2667, "angle": -48.88, "curve": 0.254, "c3": 0.516 },
					{ "time": 0.5667, "angle": 68.42, "curve": 0.25, "c3": 0.75 },
					{ "time": 0.7, "angle": 30.64, "curve": 0.25, "c3": 0.75 },
					{ "time": 0.9667, "angle": -47.91, "curve": 0.254, "c3": 0.516 },
					{ "time": 1.2667, "angle": 58.7, "curve": 0.25, "c3": 0.75 },
					{ "time": 1.4, "angle": 59.35 }
				],
				"translate": [
					{},
					{ "time": 0.2667, "x": 7.97, "y": 13.68 },
					{ "time": 0.4667, "x": 6.49, "y": -18.89 },
					{ "time": 0.7, "x": 5.15, "y": 18.44 },
					{ "time": 0.9667, "x": 5.68, "y": 5.74 },
					{ "time": 1.1667, "x": 3.14, "y": -29.6 },
					{ "time": 1.4 }
				],
				"shear": [
					{ "x": -17.07 },
					{ "time": 0.2667, "x": 7.15 },
					{ "time": 0.4667, "x": 7.15, "y": 37.39 },
					{ "time": 0.7, "x": -17.07 },
					{ "time": 0.9667, "x": 7.15 },
					{ "time": 1.1667, "x": 7.15, "y": 37.39 },
					{ "time": 1.4, "x": -17.07 }
				]
			},
			"token": {
				"scale": [
					{ "x": 1.239, "y": 0.71, "curve": 0.499, "c2": 0.01, "c3": 0.75 },
					{ "time": 0.1333, "x": 0.897, "y": 1.136, "curve": 0.25, "c3": 0.887, "c4": 0.53 },
					{ "time": 0.3333, "x": 1.397, "y": 0.651, "curve": 0.25, "c3": 0.75 },
					{ "time": 0.4667, "x": 0.897, "y": 1.136, "curve": 0.25, "c3": 0.75 },
					{ "time": 0.7, "x": 1.239, "y": 0.71, "curve": 0.25, "c3": 0.75 },
					{ "time": 0.8333, "x": 0.897, "y": 1.136, "curve": 0.25, "c3": 0.887, "c4": 0.53 },
					{ "time": 1.0333, "x": 1.397, "y": 0.651, "curve": 0.25, "c3": 0.75 },
					{ "time": 1.1667, "x": 0.897, "y": 1.136, "curve": 0.25, "c3": 0.75 },
					{ "time": 1.4, "x": 1.239, "y": 0.71 }
				]
			},
			"right-wing": {
				"rotate": [
					{ "angle": -56.55, "curve": 0.25, "c3": 0.75 },
					{ "time": 0.2667, "angle": 53.05, "curve": 0.254, "c3": 0.516 },
					{ "time": 0.5667, "angle": -61.68, "curve": 0.25, "c3": 0.75 },
					{ "time": 0.7, "angle": -41.61, "curve": 0.25, "c3": 0.75 },
					{ "time": 0.9667, "angle": 46.34, "curve": 0.254, "c3": 0.516 },
					{ "time": 1.2667, "angle": -72.52, "curve": 0.25, "c3": 0.75 },
					{ "time": 1.4, "angle": -56.55 }
				],
				"translate": [
					{},
					{ "time": 0.2667, "x": -7.75, "y": 13.81 },
					{ "time": 0.4667, "x": -9.22, "y": -18.77 },
					{ "time": 0.7, "x": -0.71, "y": 23.37 },
					{ "time": 0.9667, "x": -10.03, "y": 5.86 },
					{ "time": 1.1667, "x": -12.57, "y": -29.48 },
					{ "time": 1.4 }
				],
				"shear": [
					{ "x": 14.26 },
					{ "time": 0.2667, "x": -9.43 },
					{ "time": 0.4667, "x": -12.1, "y": -35.73 },
					{ "time": 0.7, "x": 15.01 },
					{ "time": 0.9667, "x": -9.43 },
					{ "time": 1.1667, "x": -12.1, "y": -24.7 },
					{ "time": 1.4, "x": 14.26 }
				]
			},
			"powerup": {
				"rotate": [
					{ "angle": 8.79, "curve": 0.25, "c3": 0.75 },
					{ "time": 0.3333, "angle": 1.09, "curve": 0.25, "c3": 0.75 },
					{ "time": 0.7, "angle": -15.72, "curve": 0.25, "c3": 0.75 },
					{ "time": 1.0333, "angle": 1.09, "curve": 0.25, "c3": 0.75 },
					{ "time": 1.4, "angle": 8.79 }
				]
			}
		}
	}
}
}