{
"skeleton": {
	"hash": "V1IaIgliQC+FhG8lCsHT5u0gYjo",
	"spine": "3.8.55",
	"x": -208.76,
	"y": 119.41,
	"width": 414.65,
	"height": 195.19,
	"images": "./images/",
	"audio": ""
},
"bones": [
	{ "name": "root" },
	{ "name": "powerup", "parent": "root", "x": 1.48, "y": 134.02 },
	{ "name": "token-root", "parent": "powerup", "x": -0.47, "y": 56.14 },
	{ "name": "left-wing", "parent": "token-root", "length": 50, "rotation": 156.83, "x": -91.06, "y": 7.8 },
	{ "name": "left-wing2", "parent": "left-wing", "length": 50, "rotation": -23.17, "x": 50 },
	{ "name": "left-wing3", "parent": "left-wing2", "length": 50, "rotation": -23.17, "x": 50 },
	{ "name": "right-wing", "parent": "token-root", "length": 50, "rotation": 23.69, "x": 86.82, "y": 7.12 },
	{ "name": "right-wing2", "parent": "right-wing", "length": 50, "rotation": 23.69, "x": 50 },
	{ "name": "right-wing3", "parent": "right-wing2", "length": 50, "rotation": 23.69, "x": 50 },
	{ "name": "stars", "parent": "root", "x": 1.23, "y": 191.25 },
	{ "name": "star", "parent": "stars", "x": 2.84, "y": 4.76 },
	{ "name": "star1", "parent": "stars", "x": -2.2, "y": -2.04 },
	{ "name": "star2", "parent": "stars", "x": -1.37, "y": -4.16 },
	{ "name": "star3", "parent": "stars", "x": -0.84, "y": -3.78 },
	{ "name": "star4", "parent": "stars", "x": 10.09, "y": 14.53 },
	{ "name": "star5", "parent": "stars", "x": 11.5, "y": -12.29 },
	{ "name": "star6", "parent": "stars", "x": -20.74, "y": -23.45 },
	{ "name": "star7", "parent": "stars", "x": -5.86, "y": -35.85 },
	{ "name": "star8", "parent": "stars", "x": 8.41, "y": -10.05 },
	{ "name": "star9", "parent": "stars", "x": -1.62, "y": -7.34 },
	{ "name": "token", "parent": "token-root", "x": -1.19, "y": -1.81, "scaleX": 0.7714, "scaleY": 0.7714 }
],
"slots": [
	{ "name": "right-wing", "bone": "right-wing", "attachment": "wing" },
	{ "name": "left-wing", "bone": "left-wing", "attachment": "wing" },
	{ "name": "star", "bone": "star", "color": "ffffff00", "attachment": "star", "blend": "additive" },
	{ "name": "star1", "bone": "star1", "color": "ffa5a500", "attachment": "star", "blend": "additive" },
	{ "name": "star2", "bone": "star2", "color": "ffffff00", "attachment": "star", "blend": "additive" },
	{ "name": "star3", "bone": "star3", "color": "ffffff00", "attachment": "star", "blend": "additive" },
	{ "name": "star4", "bone": "star4", "color": "ffffff00", "attachment": "star", "blend": "additive" },
	{ "name": "star5", "bone": "star5", "color": "ffffff00", "attachment": "star", "blend": "additive" },
	{ "name": "star6", "bone": "star6", "color": "ffffff00", "attachment": "star", "blend": "additive" },
	{ "name": "star7", "bone": "star7", "color": "ffffff00", "attachment": "star", "blend": "additive" },
	{ "name": "star8", "bone": "star8", "color": "ffffff00", "attachment": "star", "blend": "additive" },
	{ "name": "star9", "bone": "star9", "color": "ffffff00", "attachment": "star", "blend": "additive" },
	{ "name": "token", "bone": "token", "attachment": "token" }
],
"skins": [
	{
		"name": "default",
		"attachments": {
			"left-wing": {
				"wing": {
					"type": "mesh",
					"uvs": [ 0.89423, 0.09714, 0.92194, 0.20573, 1, 0.25208, 1, 0.33745, 1, 0.43461, 1, 0.53862, 1, 0.63688, 0.8762, 0.82065, 0.74674, 0.88956, 0.62368, 0.95508, 0.46491, 0.98023, 0.3401, 1, 0.23883, 0.91068, 0.09974, 0.93288, 0, 0.86505, 0, 0.72321, 0.07678, 0.63071, 0.25022, 0.57331, 0.34348, 0.53611, 0.42788, 0.50245, 0.49138, 0.45264, 0.55211, 0.40501, 0.60082, 0.35176, 0.64799, 0.30018, 0.69348, 0.22419, 0.74251, 0.14231, 0.73511, 0.07145, 0.72766, 0, 0.86944, 0, 0.31445, 0.75775, 0.54551, 0.72153, 0.71335, 0.59834, 0.84139, 0.37404, 0.6309, 0.65886, 0.78543, 0.47208, 0.42204, 0.74088, 0.87683, 0.29998 ],
					"triangles": [ 5, 34, 4, 34, 32, 4, 22, 23, 34, 34, 23, 32, 4, 32, 3, 32, 36, 3, 23, 24, 32, 32, 24, 36, 36, 2, 3, 24, 25, 36, 36, 1, 2, 36, 25, 1, 25, 0, 1, 25, 26, 0, 26, 28, 0, 26, 27, 28, 9, 30, 8, 30, 33, 8, 8, 33, 7, 33, 31, 7, 7, 31, 6, 30, 19, 33, 19, 20, 33, 33, 20, 31, 31, 20, 21, 31, 34, 6, 34, 5, 6, 31, 21, 34, 34, 21, 22, 12, 29, 11, 10, 29, 35, 10, 11, 29, 10, 30, 9, 10, 35, 30, 12, 13, 15, 29, 12, 15, 29, 16, 17, 16, 29, 15, 15, 13, 14, 35, 29, 18, 29, 17, 18, 35, 19, 30, 35, 18, 19 ],
					"vertices": [ 2, 4, 99.82, -14.75, 0.05979, 5, 51.61, 6.04, 0.94021, 2, 4, 90.66, -0.76, 0.13043, 5, 37.68, 15.3, 0.86957, 2, 4, 93.02, 11.78, 0.16806, 5, 34.91, 27.75, 0.83194, 2, 4, 83.75, 20.62, 0.24048, 5, 22.92, 32.24, 0.75952, 2, 4, 73.21, 30.68, 0.35894, 5, 9.27, 37.34, 0.64106, 3, 3, 123.24, 13.75, 0.05714, 4, 61.93, 41.45, 0.47731, 5, -5.34, 42.8, 0.46554, 3, 3, 117.44, 27.3, 0.11904, 4, 51.26, 51.63, 0.57602, 5, -19.15, 47.96, 0.30494, 3, 3, 91, 45.97, 0.18975, 4, 19.61, 58.39, 0.60084, 5, -50.91, 41.73, 0.20942, 3, 3, 70.63, 48.49, 0.32146, 4, -0.11, 52.7, 0.56417, 5, -66.8, 28.73, 0.11436, 2, 3, 51.26, 50.89, 0.49864, 4, -18.86, 47.29, 0.50136, 2, 3, 29.78, 45.81, 0.64, 4, -36.61, 34.16, 0.36, 2, 3, 12.9, 41.81, 0.76519, 4, -50.56, 23.84, 0.23481, 2, 3, 5.41, 24.03, 0.84828, 4, -50.45, 4.55, 0.15172, 1, 3, -13.42, 19.59, 1, 1, 3, -21.98, 4.86, 1, 1, 3, -13.61, -14.7, 1, 2, 3, 1.52, -23.31, 0.87651, 4, -35.39, -40.51, 0.12349, 2, 3, 26.76, -21.88, 0.75894, 4, -12.76, -29.26, 0.24106, 2, 3, 40.7, -21.98, 0.61806, 4, 0.1, -23.87, 0.38194, 3, 3, 53.31, -22.08, 0.4367, 4, 11.73, -18.99, 0.48024, 5, -27.71, -32.52, 0.08306, 3, 3, 64.25, -25.52, 0.28739, 4, 23.14, -17.86, 0.54446, 5, -17.66, -26.98, 0.16815, 3, 3, 74.71, -28.82, 0.16015, 4, 34.06, -16.77, 0.54212, 5, -8.06, -21.69, 0.29772, 3, 3, 83.99, -33.54, 0.0776, 4, 44.44, -17.46, 0.45792, 5, 1.76, -18.24, 0.46448, 2, 4, 54.5, -18.13, 0.35092, 5, 11.27, -14.89, 0.64908, 2, 4, 67.05, -21.49, 0.22507, 5, 24.13, -13.05, 0.77493, 2, 4, 80.57, -25.11, 0.12581, 5, 37.99, -11.06, 0.87419, 2, 4, 87.56, -33.18, 0.05996, 5, 47.59, -15.73, 0.94004, 1, 5, 57.27, -20.44, 1, 1, 5, 64.07, -2.24, 1, 2, 3, 23.96, 7.01, 0.7561, 4, -26.7, -3.8, 0.2439, 3, 3, 55.2, 14.47, 0.45368, 4, -0.91, 15.35, 0.47964, 5, -52.85, -5.91, 0.06668, 3, 3, 83.61, 6.53, 0.15672, 4, 28.33, 19.23, 0.57061, 5, -27.49, 9.15, 0.27267, 2, 4, 64.78, 8.69, 0.35343, 5, 10.17, 13.8, 0.64657, 3, 3, 69.66, 10.43, 0.29861, 4, 13.97, 17.33, 0.55743, 5, -39.95, 1.75, 0.14395, 3, 3, 100.14, -6.99, 0.0687, 4, 48.85, 13.3, 0.46927, 5, -6.29, 11.77, 0.46203, 2, 3, 38.51, 10.49, 0.62642, 4, -14.69, 5.12, 0.37358, 2, 4, 76.17, 4.53, 0.22766, 5, 22.28, 14.46, 0.77234 ],
					"hull": 29,
					"edges": [ 30, 32, 28, 30, 28, 26, 26, 24, 24, 22, 14, 12, 4, 2, 2, 50, 54, 56, 32, 34, 34, 58, 58, 24, 18, 60, 60, 38, 62, 42, 14, 62, 8, 64, 64, 46, 62, 12, 14, 16, 16, 18, 60, 66, 66, 62, 16, 66, 38, 40, 40, 42, 66, 40, 42, 44, 44, 46, 62, 68, 68, 64, 44, 68, 8, 10, 10, 12, 68, 10, 34, 36, 36, 38, 58, 70, 70, 60, 36, 70, 18, 20, 20, 22, 70, 20, 46, 48, 48, 50, 2, 72, 72, 64, 48, 72, 4, 6, 6, 8, 72, 6, 2, 0, 0, 56, 50, 52, 52, 54, 0, 52 ],
					"width": 137,
					"height": 150
				}
			},
			"star": {
				"star": { "width": 76, "height": 72 }
			},
			"right-wing": {
				"wing": {
					"type": "mesh",
					"uvs": [ 0.89097, 0.08435, 0.92194, 0.20573, 1, 0.25208, 1, 0.33453, 1, 0.43461, 1, 0.52717, 1, 0.63688, 0.8762, 0.82065, 0.75472, 0.88532, 0.62368, 0.95508, 0.46028, 0.98096, 0.3401, 1, 0.23883, 0.91068, 0.09974, 0.93288, 0, 0.86505, 0, 0.72321, 0.07678, 0.63071, 0.25022, 0.57331, 0.33244, 0.54051, 0.42788, 0.50245, 0.48724, 0.45589, 0.55211, 0.40501, 0.59712, 0.3558, 0.64799, 0.30018, 0.69595, 0.22008, 0.74251, 0.14231, 0.73457, 0.06626, 0.72766, 0, 0.86944, 0, 0.31445, 0.75775, 0.54551, 0.72153, 0.71335, 0.59834, 0.84139, 0.37404, 0.42841, 0.73988, 0.62446, 0.66358, 0.78009, 0.48144, 0.88124, 0.29077 ],
					"triangles": [ 5, 35, 4, 35, 32, 4, 22, 23, 35, 35, 23, 32, 4, 32, 3, 32, 36, 3, 23, 24, 32, 32, 24, 36, 36, 2, 3, 24, 25, 36, 36, 1, 2, 36, 25, 1, 25, 0, 1, 25, 26, 0, 26, 28, 0, 26, 27, 28, 9, 30, 8, 30, 34, 8, 7, 8, 31, 8, 34, 31, 7, 31, 6, 30, 19, 34, 19, 20, 34, 34, 20, 31, 31, 20, 21, 31, 35, 6, 35, 5, 6, 31, 21, 35, 35, 21, 22, 10, 11, 29, 11, 12, 29, 29, 33, 10, 10, 30, 9, 10, 33, 30, 12, 13, 15, 29, 12, 15, 29, 16, 17, 16, 29, 15, 15, 13, 14, 29, 18, 33, 29, 17, 18, 18, 19, 33, 33, 19, 30 ],
					"vertices": [ 2, 7, 101.06, 15.07, 0.06633, 8, 52.81, -6.71, 0.93367, 2, 7, 90.54, -0.38, 0.14417, 8, 36.97, -16.63, 0.85583, 2, 7, 92.66, -12.95, 0.18911, 8, 33.86, -29, 0.81089, 2, 7, 83.56, -21.33, 0.26395, 8, 22.16, -33.02, 0.73605, 2, 7, 72.51, -31.49, 0.38596, 8, 7.96, -37.88, 0.61404, 3, 6, 123.48, -12.42, 0.06373, 7, 62.3, -40.89, 0.49919, 8, -5.17, -42.39, 0.43708, 3, 6, 116.87, -27.49, 0.12994, 7, 50.19, -52.04, 0.59205, 8, -20.74, -47.73, 0.27801, 3, 6, 90.26, -45.91, 0.20396, 7, 18.42, -58.22, 0.60933, 8, -52.31, -40.62, 0.18671, 3, 6, 71.12, -48.11, 0.33832, 7, 0.01, -52.54, 0.56317, 8, -66.89, -28.03, 0.09851, 2, 6, 50.48, -50.48, 0.51244, 7, -19.85, -46.41, 0.48756, 2, 6, 28.42, -45.04, 0.6549, 7, -37.86, -32.57, 0.3451, 2, 6, 12.19, -41.04, 0.77872, 7, -51.11, -22.39, 0.22128, 2, 6, 4.87, -23.19, 0.8563, 7, -50.65, -3.11, 0.1437, 1, 6, -13.92, -18.59, 1, 1, 6, -22.34, -3.78, 1, 1, 6, -13.79, 15.7, 1, 2, 6, 1.42, 24.18, 0.87694, 7, -34.77, 41.67, 0.12306, 2, 6, 26.63, 22.52, 0.76169, 7, -12.35, 30.01, 0.23831, 2, 6, 38.93, 22.5, 0.62572, 7, -1.1, 25.05, 0.37428, 3, 6, 53.19, 22.47, 0.44804, 7, 11.95, 19.3, 0.47785, 8, -27.09, 32.96, 0.07411, 3, 6, 63.45, 25.6, 0.29931, 7, 22.6, 18.04, 0.54778, 8, -17.84, 27.53, 0.15291, 3, 6, 74.65, 29.02, 0.16952, 7, 34.23, 16.67, 0.555, 8, -7.74, 21.6, 0.27548, 3, 6, 83.26, 33.3, 0.083, 7, 43.84, 17.13, 0.47639, 8, 1.24, 18.16, 0.44061, 2, 7, 54.7, 17.65, 0.3706, 8, 11.39, 14.27, 0.6294, 2, 7, 67.99, 20.95, 0.23858, 8, 24.89, 11.96, 0.76142, 2, 7, 80.89, 24.15, 0.13467, 8, 37.99, 9.71, 0.86533, 2, 7, 88.55, 32.68, 0.06524, 8, 48.43, 14.43, 0.93476, 1, 8, 57.53, 18.55, 1, 1, 8, 63.83, 0.18, 1, 2, 6, 23.57, -6.35, 0.76319, 7, -26.75, 4.8, 0.23681, 3, 6, 54.75, -14.09, 0.46891, 7, -1.32, -14.81, 0.47354, 8, -52.94, 7.06, 0.05755, 3, 6, 83.23, -6.41, 0.1678, 7, 27.85, -19.22, 0.58288, 8, -28.01, -8.7, 0.24932, 2, 7, 64.49, -9.35, 0.37618, 8, 9.51, -14.38, 0.62382, 2, 6, 38.95, -10.17, 0.63541, 7, -14.21, -4.87, 0.36459, 3, 6, 68.14, -10.48, 0.31327, 7, 12.4, -16.89, 0.55933, 8, -41.21, -0.36, 0.1274, 3, 6, 98.64, 5.97, 0.07566, 7, 46.94, -14.08, 0.49044, 8, -8.46, -11.66, 0.4339, 2, 7, 77.37, -4.91, 0.24565, 8, 23.09, -15.5, 0.75435 ],
					"hull": 29,
					"edges": [ 30, 32, 28, 30, 28, 26, 26, 24, 24, 22, 14, 12, 4, 2, 2, 50, 54, 56, 32, 34, 34, 58, 58, 24, 18, 60, 60, 38, 62, 42, 14, 62, 8, 64, 64, 46, 62, 12, 34, 36, 36, 38, 58, 66, 66, 60, 36, 66, 18, 20, 20, 22, 66, 20, 14, 16, 16, 18, 60, 68, 68, 62, 16, 68, 38, 40, 40, 42, 68, 40, 42, 44, 44, 46, 62, 70, 70, 64, 44, 70, 8, 10, 10, 12, 70, 10, 46, 48, 48, 50, 2, 72, 72, 64, 48, 72, 4, 6, 6, 8, 72, 6, 50, 52, 52, 54, 2, 0, 0, 56, 52, 0 ],
					"width": 137,
					"height": 150
				}
			},
			"star1": {
				"star": { "width": 76, "height": 72 }
			},
			"star2": {
				"star": { "width": 76, "height": 72 }
			},
			"star3": {
				"star": { "width": 76, "height": 72 }
			},
			"star4": {
				"star": { "width": 76, "height": 72 }
			},
			"star5": {
				"star": { "width": 76, "height": 72 }
			},
			"star6": {
				"star": { "width": 76, "height": 72 }
			},
			"star7": {
				"star": { "width": 76, "height": 72 }
			},
			"star8": {
				"star": { "width": 76, "height": 72 }
			},
			"star9": {
				"star": { "width": 76, "height": 72 }
			},
			"token": {
				"token": {
					"type": "mesh",
					"uvs": [ 1, 0.151, 0.98005, 0.49515, 0.9571, 0.89097, 0.72802, 1, 0.4845, 1, 0.19297, 1, 0.02637, 0.83444, 0.01349, 0.48079, 0, 0.11063, 0.08338, 0, 0.47272, 0, 0.88967, 0, 0.15518, 0.11341, 0.0392, 0.16074, 0.08891, 0.79964, 0.27943, 0.94719, 0.6812, 0.93466, 0.88829, 0.85532, 0.93247, 0.19554, 0.82892, 0.11898, 0.47272, 0.15935, 0.4843, 0.9408, 0.06422, 0.48236, 0.9126, 0.49234, 0.48327, 0.48729, 0.13836, 0.76891, 0.29871, 0.90529, 0.4842, 0.89717, 0.66511, 0.88271, 0.84786, 0.80774, 0.87296, 0.49188, 0.09898, 0.48277, 0.07297, 0.19809, 0.15986, 0.16287, 0.47443, 0.21257, 0.82367, 0.171, 0.90161, 0.22158 ],
					"triangles": [ 12, 9, 10, 8, 9, 12, 19, 10, 11, 19, 11, 0, 20, 10, 19, 12, 10, 20, 13, 8, 12, 33, 12, 20, 32, 13, 12, 35, 20, 19, 18, 35, 19, 0, 18, 19, 33, 32, 12, 34, 20, 35, 33, 20, 34, 36, 35, 18, 7, 8, 13, 22, 7, 13, 32, 22, 13, 31, 32, 33, 22, 32, 31, 24, 34, 35, 31, 33, 34, 24, 31, 34, 30, 35, 36, 24, 35, 30, 23, 36, 18, 30, 36, 23, 1, 18, 0, 23, 18, 1, 25, 31, 24, 25, 14, 22, 25, 22, 31, 29, 24, 30, 14, 6, 7, 14, 7, 22, 23, 29, 30, 17, 29, 23, 28, 24, 29, 24, 26, 25, 1, 17, 23, 2, 17, 1, 28, 27, 24, 27, 26, 24, 16, 28, 29, 16, 29, 17, 21, 27, 28, 21, 28, 16, 26, 27, 21, 15, 25, 26, 14, 25, 15, 15, 26, 21, 5, 14, 15, 6, 14, 5, 4, 21, 16, 15, 21, 4, 5, 15, 4, 3, 16, 17, 3, 17, 2, 4, 16, 3 ],
					"vertices": [ 62.69, 44.39, 60.23, 2.4, 57.41, -45.89, 29.23, -59.19, -0.72, -59.19, -36.58, -59.19, -57.07, -38.99, -58.66, 4.16, -60.31, 49.32, -50.06, 62.81, -2.17, 62.81, 49.12, 62.81, -41.23, 48.98, -55.49, 43.2, -49.38, -34.74, -25.94, -52.74, 23.47, -51.22, 48.95, -41.54, 54.38, 38.96, 41.64, 48.3, -2.17, 43.37, -0.75, -51.97, -52.41, 3.96, 51.93, 2.75, -0.87, 3.36, -43.3, -30.99, -23.57, -47.63, -0.76, -46.64, 21.49, -44.88, 43.97, -35.73, 47.06, 2.8, -48.14, 3.91, -51.34, 38.65, -40.65, 42.94, -1.96, 36.88, 41, 41.95, 50.58, 35.78 ],
					"hull": 12,
					"edges": [ 18, 24, 24, 26, 28, 30, 32, 34, 36, 38, 38, 40, 40, 24, 18, 20, 20, 40, 20, 22, 38, 22, 36, 0, 0, 22, 26, 16, 16, 18, 28, 12, 12, 10, 32, 6, 6, 4, 4, 34, 30, 10, 6, 8, 8, 10, 30, 42, 42, 32, 8, 42, 12, 14, 14, 16, 26, 44, 44, 28, 14, 44, 34, 46, 46, 36, 0, 2, 2, 4, 46, 2, 28, 50, 50, 52, 42, 54, 54, 48, 52, 54, 54, 56, 56, 58, 46, 60, 60, 48, 58, 60, 52, 30, 56, 32, 58, 34, 44, 62, 62, 48, 50, 62, 62, 64, 64, 66, 40, 68, 68, 48, 66, 68, 68, 70, 70, 72, 72, 60, 72, 36, 70, 38, 66, 24 ],
					"width": 123,
					"height": 122
				}
			}
		}
	}
],
"animations": {
	"bounce": {
		"slots": {
			"star8": {
				"color": [
					{ "color": "ffffffbe" },
					{ "time": 0.1333, "color": "ffffffff" },
					{ "time": 0.2667, "color": "ffffff00", "curve": "stepped" },
					{ "time": 0.9667, "color": "ffffff00" },
					{ "time": 1.4, "color": "ffffffbe" }
				]
			},
			"star": {
				"color": [
					{ "color": "ffffff00" },
					{ "time": 0.5667, "color": "ffffffff" },
					{ "time": 0.7, "color": "ffffff00" }
				]
			},
			"star2": {
				"color": [
					{ "time": 0.1333, "color": "ffffff00" },
					{ "time": 0.7, "color": "ffffffff" },
					{ "time": 0.8333, "color": "ffffff00" }
				]
			},
			"star4": {
				"color": [
					{ "time": 0.6333, "color": "ffffff00" },
					{ "time": 1.2, "color": "ffffffff" },
					{ "time": 1.3333, "color": "ffffff00" }
				]
			},
			"star3": {
				"color": [
					{ "time": 0.4333, "color": "ffffff00" },
					{ "time": 1, "color": "ffffffff" },
					{ "time": 1.1333, "color": "ffffff00" }
				]
			},
			"star5": {
				"color": [
					{ "color": "ffffff9e" },
					{ "time": 0.2333, "color": "ffffffff" },
					{ "time": 0.3667, "color": "ffffff00", "curve": "stepped" },
					{ "time": 1.0667, "color": "ffffff00" },
					{ "time": 1.4, "color": "ffffff9e" }
				]
			},
			"star6": {
				"color": [
					{ "color": "ffffffff", "curve": "stepped" },
					{ "time": 0.2667, "color": "ffffffff" },
					{ "time": 0.4333, "color": "ffffff00", "curve": "stepped" },
					{ "time": 1.3, "color": "ffffff00" },
					{ "time": 1.4, "color": "ffffffff" }
				]
			},
			"star9": {
				"color": [
					{ "color": "ffffffff" },
					{ "time": 0.1333, "color": "ffffff00", "curve": "stepped" },
					{ "time": 0.8333, "color": "ffffff00" },
					{ "time": 1.4, "color": "ffffffff" }
				]
			},
			"star1": {
				"color": [
					{ "time": 0.2667, "color": "fff9f600" },
					{ "time": 0.8333, "color": "ffffffff" },
					{ "time": 0.9667, "color": "fff0f200" }
				]
			},
			"star7": {
				"color": [
					{ "time": 0.6667, "color": "ffffff00" },
					{ "time": 1.2333, "color": "ffffffff" },
					{ "time": 1.3667, "color": "ffffff00" }
				]
			}
		},
		"bones": {
			"star": {
				"rotate": [
					{ "angle": 28.26 },
					{ "time": 0.7, "angle": -42.08 }
				],
				"translate": [
					{ "y": 36.09 },
					{ "time": 0.7, "x": 86.68, "y": 68.32 }
				],
				"scale": [
					{ "x": 0.439, "y": 0.439 },
					{ "time": 0.7 }
				]
			},
			"star1": {
				"rotate": [
					{ "time": 0.2667, "angle": 13.37 },
					{ "time": 0.9667, "angle": 89.61 }
				],
				"translate": [
					{ "time": 0.2667, "x": -1.1, "y": -32.14 },
					{ "time": 0.9667, "x": 48.31, "y": -143.12 }
				],
				"scale": [
					{ "time": 0.2667, "x": 0.392, "y": 0.392 },
					{ "time": 0.9667, "x": 0.816, "y": 0.816 }
				]
			},
			"star2": {
				"rotate": [
					{ "time": 0.1333, "angle": -42.68 },
					{ "time": 0.8333, "angle": 88.41 }
				],
				"translate": [
					{ "time": 0.1333, "x": -20.62, "y": -2.93 },
					{ "time": 0.8333, "x": -57.86, "y": -97.4 }
				],
				"scale": [
					{ "time": 0.1333, "x": 0.212, "y": 0.212 },
					{ "time": 0.8333, "x": 0.653, "y": 0.653 }
				]
			},
			"star3": {
				"rotate": [
					{ "time": 0.4333, "angle": 57.72 },
					{ "time": 1.1333, "angle": -105.15 }
				],
				"translate": [
					{ "time": 0.4333, "x": 0.71, "y": -21.17 },
					{ "time": 1.1333, "x": 64.79, "y": 121.95 }
				],
				"scale": [
					{ "time": 0.4333, "x": 0.241, "y": 0.241 },
					{ "time": 1.1333, "x": 0.776, "y": 0.776 }
				]
			},
			"star4": {
				"rotate": [
					{ "time": 0.6333, "angle": 37.66 },
					{ "time": 1.3333, "angle": -102.16 }
				],
				"translate": [
					{ "time": 0.6333, "x": 13.08, "y": 26.83 },
					{ "time": 1.3333, "x": -0.99, "y": 82.82 }
				],
				"scale": [
					{ "time": 0.6333, "x": 0.276, "y": 0.276 },
					{ "time": 1.3333, "x": 1.081, "y": 1.081 }
				]
			},
			"star5": {
				"rotate": [
					{ "angle": -43.26 },
					{ "time": 0.3667, "angle": -41.3, "curve": "stepped" },
					{ "time": 1.0667, "angle": -47.18 },
					{ "time": 1.4, "angle": -43.26 }
				],
				"translate": [
					{ "x": -38.95, "y": 40.56 },
					{ "time": 0.3667, "x": -51.51, "y": 79.28, "curve": "stepped" },
					{ "time": 1.0667, "x": -13.84, "y": -36.89 },
					{ "time": 1.4, "x": -38.95, "y": 40.56 }
				],
				"scale": [
					{ "x": 0.431, "y": 0.431 },
					{ "time": 0.3667, "x": 0.476, "y": 0.476, "curve": "stepped" },
					{ "time": 1.0667, "x": 0.341, "y": 0.341 },
					{ "time": 1.4, "x": 0.431, "y": 0.431 }
				]
			},
			"star6": {
				"rotate": [
					{ "angle": 20.9 },
					{ "time": 0.4333, "angle": -73.07, "curve": "stepped" },
					{ "time": 1.3, "angle": 42.59 },
					{ "time": 1.4, "angle": 20.9 }
				],
				"translate": [
					{ "x": 0.42, "y": 84.54 },
					{ "time": 0.4333, "x": -28.9, "y": 184.89, "curve": "stepped" },
					{ "time": 1.3, "x": 7.19, "y": 61.38 },
					{ "time": 1.4, "x": 0.42, "y": 84.54 }
				],
				"scale": [
					{ "x": 0.364, "y": 0.364 },
					{ "time": 0.4333, "x": 0.956, "y": 0.956, "curve": "stepped" },
					{ "time": 1.3, "x": 0.228, "y": 0.228 },
					{ "time": 1.4, "x": 0.364, "y": 0.364 }
				]
			},
			"star7": {
				"rotate": [
					{ "time": 0.6667, "angle": 41.12 },
					{ "time": 1.3667, "angle": -89.85 }
				],
				"translate": [
					{ "time": 0.6667, "x": 30.79, "y": 81.42 },
					{ "time": 1.3667, "x": -67.8, "y": -68.56 }
				],
				"scale": [
					{ "time": 0.6667, "x": 0.259, "y": 0.259 },
					{ "time": 1.3667, "x": 0.999, "y": 0.999 }
				]
			},
			"star9": {
				"rotate": [
					{ "angle": 49.48 },
					{ "time": 0.1333, "angle": 71.89, "curve": "stepped" },
					{ "time": 0.8333, "angle": -40.17 },
					{ "time": 1.4, "angle": 49.48 }
				],
				"translate": [
					{ "x": -78.75, "y": 77.18 },
					{ "time": 0.1333, "x": -98.44, "y": 96.48, "curve": "stepped" },
					{ "time": 0.8333, "x": 16.04, "y": 35.39 },
					{ "time": 1.4, "x": -78.75, "y": 77.18 }
				],
				"scale": [
					{ "x": 0.773, "y": 0.773 },
					{ "time": 0.1333, "x": 0.91, "y": 0.91, "curve": "stepped" },
					{ "time": 0.8333, "x": 0.222, "y": 0.222 },
					{ "time": 1.4, "x": 0.773, "y": 0.773 }
				]
			},
			"star8": {
				"rotate": [
					{ "angle": -60.18 },
					{ "time": 0.2667, "angle": -109.84, "curve": "stepped" },
					{ "time": 0.9667, "angle": 14.31 },
					{ "time": 1.4, "angle": -60.18 }
				],
				"translate": [
					{ "x": 44.64, "y": -41.66 },
					{ "time": 0.2667, "x": 74.4, "y": -69.44, "curve": "stepped" },
					{ "time": 0.9667, "x": -6.64, "y": -25.44 },
					{ "time": 1.4, "x": 44.64, "y": -41.66 }
				],
				"scale": [
					{ "x": 0.452, "y": 0.452 },
					{ "time": 0.2667, "x": 0.672, "y": 0.672, "curve": "stepped" },
					{ "time": 0.9667, "x": 0.123, "y": 0.123 },
					{ "time": 1.4, "x": 0.452, "y": 0.452 }
				]
			},
			"token-root": {
				"translate": [
					{ "y": 53.3, "curve": 0.559, "c3": 0.75 },
					{ "time": 0.4, "x": 0.67, "y": -102.27, "curve": 0.462, "c3": 0.373 },
					{ "time": 0.7, "y": 53.3, "curve": 0.559, "c3": 0.75 },
					{ "time": 1.1, "x": -1.8, "y": -105.32, "curve": 0.371, "c2": 0.1, "c3": 0.373 },
					{ "time": 1.4, "y": 53.3 }
				]
			},
			"left-wing": {
				"rotate": [
					{ "angle": 30.64, "curve": 0.25, "c3": 0.75 },
					{ "time": 0.2667, "angle": -48.88, "curve": 0.254, "c3": 0.516 },
					{ "time": 0.5667, "angle": -257.32, "curve": 0.25, "c3": 0.75 },
					{ "time": 0.7, "angle": 30.64, "curve": 0.25, "c3": 0.75 },
					{ "time": 0.9667, "angle": -48.88, "curve": 0.254, "c3": 0.516 },
					{ "time": 1.2667, "angle": -257.32, "curve": 0.25, "c3": 0.75 },
					{ "time": 1.4, "angle": 30.64 }
				],
				"translate": [
					{},
					{ "time": 0.2667, "x": 7.97, "y": 13.68 },
					{ "time": 0.4667, "x": 6.49, "y": -18.89 },
					{ "time": 0.7, "x": 5.15, "y": 18.44 },
					{ "time": 0.9667, "x": 5.68, "y": 5.74 },
					{ "time": 1.1667, "x": 3.14, "y": -29.6 },
					{ "time": 1.4 }
				],
				"scale": [
					{ "x": 1.093 },
					{ "time": 0.2667, "x": 1.16, "y": 1.038 },
					{ "time": 0.5667, "x": 1.181, "y": 1.094 },
					{ "time": 0.7, "x": 1.093 },
					{ "time": 0.9667, "x": 1.16, "y": 1.038 },
					{ "time": 1.2667, "x": 1.181, "y": 1.094 },
					{ "time": 1.4, "x": 1.093 }
				]
			},
			"token": {
				"scale": [
					{ "x": 1.239, "y": 0.71, "curve": 0.499, "c2": 0.01, "c3": 0.75 },
					{ "time": 0.1333, "x": 0.897, "y": 1.136, "curve": 0.25, "c3": 0.887, "c4": 0.53 },
					{ "time": 0.3333, "x": 1.397, "y": 0.651, "curve": 0.25, "c3": 0.75 },
					{ "time": 0.4667, "x": 0.897, "y": 1.136, "curve": 0.25, "c3": 0.75 },
					{ "time": 0.7, "x": 1.239, "y": 0.71, "curve": 0.25, "c3": 0.75 },
					{ "time": 0.8333, "x": 0.897, "y": 1.136, "curve": 0.25, "c3": 0.887, "c4": 0.53 },
					{ "time": 1.0333, "x": 1.397, "y": 0.651, "curve": 0.25, "c3": 0.75 },
					{ "time": 1.1667, "x": 0.897, "y": 1.136, "curve": 0.25, "c3": 0.75 },
					{ "time": 1.4, "x": 1.239, "y": 0.71 }
				]
			},
			"right-wing": {
				"rotate": [
					{ "angle": -30.04, "curve": 0.25, "c3": 0.75 },
					{ "time": 0.2667, "angle": 53.05, "curve": 0.254, "c3": 0.516 },
					{ "time": 0.5667, "angle": -92.69, "curve": 0.25, "c3": 0.75 },
					{ "time": 0.7, "angle": -41.61, "curve": 0.25, "c3": 0.75 },
					{ "time": 0.9667, "angle": 53.05, "curve": 0.254, "c3": 0.516 },
					{ "time": 1.2667, "angle": -92.69, "curve": 0.25, "c3": 0.75 },
					{ "time": 1.4, "angle": -41.61 }
				],
				"translate": [
					{},
					{ "time": 0.2667, "x": -7.75, "y": 13.81 },
					{ "time": 0.4667, "x": -9.22, "y": -18.77 },
					{ "time": 0.7, "x": -0.71, "y": 23.37 },
					{ "time": 0.9667, "x": -10.03, "y": 5.86 },
					{ "time": 1.1667, "x": -12.57, "y": -29.48 },
					{ "time": 1.4 }
				],
				"scale": [
					{ "x": 1.093 },
					{ "time": 0.2667, "x": 1.16, "y": 1.038 },
					{ "time": 0.5667, "x": 1.181, "y": 1.094 },
					{ "time": 0.7, "x": 1.093 },
					{ "time": 0.9667, "x": 1.16, "y": 1.038 },
					{ "time": 1.2667, "x": 1.181, "y": 1.094 },
					{ "time": 1.4, "x": 1.093 }
				]
			},
			"powerup": {
				"rotate": [
					{ "angle": 8.79, "curve": 0.25, "c3": 0.75 },
					{ "time": 0.3333, "angle": 1.09, "curve": 0.25, "c3": 0.75 },
					{ "time": 0.7, "angle": -15.72, "curve": 0.25, "c3": 0.75 },
					{ "time": 1.0333, "angle": 1.09, "curve": 0.25, "c3": 0.75 },
					{ "time": 1.4, "angle": 8.79 }
				]
			},
			"right-wing2": {
				"rotate": [
					{ "angle": -67.75 },
					{ "time": 0.1667, "angle": -47.64 },
					{ "time": 0.2667, "angle": 14.17 },
					{ "time": 0.5667, "angle": -48.2 },
					{ "time": 0.7, "angle": -62.8 },
					{ "time": 0.8667, "angle": -38.81 },
					{ "time": 0.9667, "angle": 14.17 },
					{ "time": 1.2667, "angle": -48.2 },
					{ "time": 1.4, "angle": -56.17 }
				],
				"scale": [
					{ "x": 1.093 },
					{ "time": 0.2667, "x": 1.16, "y": 1.038 },
					{ "time": 0.5667, "x": 1.181, "y": 1.094 },
					{ "time": 0.7, "x": 1.093 },
					{ "time": 0.9667, "x": 1.16, "y": 1.038 },
					{ "time": 1.2667, "x": 1.181, "y": 1.094 },
					{ "time": 1.4, "x": 1.093 }
				]
			},
			"right-wing3": {
				"rotate": [
					{ "angle": -67.75 },
					{ "time": 0.1667, "angle": -47.64 },
					{ "time": 0.2667, "angle": 14.17 },
					{ "time": 0.5667, "angle": -48.2 },
					{ "time": 0.7, "angle": -62.8 },
					{ "time": 0.8667, "angle": -38.81 },
					{ "time": 0.9667, "angle": 14.17 },
					{ "time": 1.2667, "angle": -48.2 },
					{ "time": 1.4, "angle": -61.07 }
				],
				"scale": [
					{ "x": 1.093 },
					{ "time": 0.2667, "x": 1.16, "y": 1.038 },
					{ "time": 0.5667, "x": 1.181, "y": 1.094 },
					{ "time": 0.7, "x": 1.093 },
					{ "time": 0.9667, "x": 1.16, "y": 1.038 },
					{ "time": 1.2667, "x": 1.181, "y": 1.094 },
					{ "time": 1.4, "x": 1.093 }
				]
			},
			"left-wing2": {
				"rotate": [
					{ "angle": 56.98 },
					{ "time": 0.1667, "angle": 41.25 },
					{ "time": 0.2667, "angle": -13.95 },
					{ "time": 0.5667, "angle": 42.73 },
					{ "time": 0.7, "angle": 56.98 },
					{ "time": 0.8667, "angle": 38.42 },
					{ "time": 0.9667, "angle": -13.95 },
					{ "time": 1.2667, "angle": 42.73 },
					{ "time": 1.4, "angle": 56.98 }
				],
				"scale": [
					{ "x": 1.093 },
					{ "time": 0.2667, "x": 1.16, "y": 1.038 },
					{ "time": 0.5667, "x": 1.181, "y": 1.094 },
					{ "time": 0.7, "x": 1.093 },
					{ "time": 0.9667, "x": 1.16, "y": 1.038 },
					{ "time": 1.2667, "x": 1.181, "y": 1.094 },
					{ "time": 1.4, "x": 1.093 }
				]
			},
			"left-wing3": {
				"rotate": [
					{ "angle": 56.98 },
					{ "time": 0.1667, "angle": 41.25 },
					{ "time": 0.2667, "angle": -13.95 },
					{ "time": 0.5667, "angle": 42.73 },
					{ "time": 0.7, "angle": 56.98 },
					{ "time": 0.8667, "angle": 38.42 },
					{ "time": 0.9667, "angle": -13.95 },
					{ "time": 1.2667, "angle": 42.73 },
					{ "time": 1.4, "angle": 56.98 }
				],
				"scale": [
					{ "x": 1.093 },
					{ "time": 0.2667, "x": 1.16, "y": 1.038 },
					{ "time": 0.5667, "x": 1.181, "y": 1.094 },
					{ "time": 0.7, "x": 1.093 },
					{ "time": 0.9667, "x": 1.16, "y": 1.038 },
					{ "time": 1.2667, "x": 1.181, "y": 1.094 },
					{ "time": 1.4, "x": 1.093 }
				]
			}
		},
		"deform": {
			"default": {
				"token": {
					"token": [
						{
							"offset": 24,
							"vertices": [ 1.14323, 6.73443, 1.14323, 6.73443, 0, 0, 0, 0, 0, 0, 0, 0, 1.14323, 6.73443, 1.14323, 6.73443, 1.14323, 6.73443, 0, 0, 1.15849, 4.43445, 1.15849, 4.43445, 1.15849, 4.43445, 0.73607, 5.7173, 0.73607, 5.7173, 0.73607, 5.7173, 0.73607, 5.7173, 0.73607, 5.7173, 1.02358, 4.49763, 1.15849, 4.43445, 1.14323, 6.73443, 1.14323, 6.73443, 1.14323, 6.73443, 1.14323, 6.73443, 1.14323, 6.73443 ]
						},
						{
							"time": 0.1333,
							"offset": 24,
							"vertices": [ 0.93183, 20.41183, 0.93183, 20.41183, 0, 0, 0, 0, 0, 0, 0, 0, 0.93183, 20.41183, 0.93183, 20.41183, 0.93183, 20.41183, 0, 0, 0.94709, 18.11185, 0.94709, 18.11185, 1.40152, 12.2491, 1.23232, 5.895, 1.23232, 5.895, 1.23232, 5.895, 1.23232, 5.895, 1.23232, 5.895, 1.40152, 12.2491, 1.40152, 12.2491, 1.38626, 14.54909, 1.38626, 14.54909, 1.38626, 14.54909, 1.38626, 14.54909, 1.38626, 14.54909 ]
						},
						{
							"time": 0.3333,
							"offset": 24,
							"vertices": [ 0.95955, 23.54837, 0.95955, 23.54837, 0, 0, 0, 0, 0, 0, 0, 0, 0.95955, 23.54837, 0.95955, 23.54837, 0.95955, 23.54837, 0, 0, 0.97481, 21.24838, 0.97481, 21.24838, 1.30775, 14.49709, 1.13855, 8.14299, 1.13855, 8.14299, 1.13855, 8.14299, 1.13855, 8.14299, 1.13855, 8.14299, 1.28003, 11.36055, 1.30775, 14.49709, 1.29249, 16.79707, 1.29249, 16.79707, 1.29249, 16.79707, 1.29249, 16.79707, 1.29249, 16.79707 ]
						},
						{
							"time": 0.5333,
							"offset": 24,
							"vertices": [ 1.40748, -10.36231, 1.40748, -10.36231, 0, 0, 0, 0, 0, 0, 0, 0, 1.40748, -10.36231, 1.40748, -10.36231, 1.40748, -10.36231, 0, 0, 1.42274, -12.6623, 1.42274, -12.6623, 1.42274, -12.6623, 0.6838, -1.83327, 0.6838, -1.83327, 0.6838, -1.83327, 0.6838, -1.83327, 0.6838, -1.83327, 1.11919, -12.52014, 1.42274, -12.6623, 1.40748, -10.36231, 1.40748, -10.36231, 1.40748, -10.36231, 1.40748, -10.36231, 1.40748, -10.36231 ]
						},
						{
							"time": 0.7,
							"offset": 24,
							"vertices": [ 1.14323, 6.73443, 1.14323, 6.73443, 0, 0, 0, 0, 0, 0, 0, 0, 1.14323, 6.73443, 1.14323, 6.73443, 1.14323, 6.73443, 0, 0, 1.15849, 4.43445, 1.15849, 4.43445, 1.15849, 4.43445, 0.73607, 5.7173, 0.73607, 5.7173, 0.73607, 5.7173, 0.73607, 5.7173, 0.73607, 5.7173, 1.02358, 4.49763, 1.15849, 4.43445, 1.14323, 6.73443, 1.14323, 6.73443, 1.14323, 6.73443, 1.14323, 6.73443, 1.14323, 6.73443 ]
						},
						{
							"time": 0.8333,
							"offset": 24,
							"vertices": [ 0.93183, 20.41183, 0.93183, 20.41183, 0, 0, 0, 0, 0, 0, 0, 0, 0.93183, 20.41183, 0.93183, 20.41183, 0.93183, 20.41183, 0, 0, 0.94709, 18.11185, 0.94709, 18.11185, 2.16758, 9.46033, 1.99838, 3.10623, 1.99838, 3.10623, 1.99838, 3.10623, 1.99838, 3.10623, 1.99838, 3.10623, 2.16758, 9.46033, 2.16758, 9.46033, 2.15232, 11.76031, 2.15232, 11.76031, 2.15232, 11.76031, 2.15232, 11.76031, 2.15232, 11.76031 ]
						},
						{
							"time": 1.0333,
							"offset": 24,
							"vertices": [ 0.95955, 23.54837, 0.95955, 23.54837, 0, 0, 0, 0, 0, 0, 0, 0, 0.95955, 23.54837, 0.95955, 23.54837, 0.95955, 23.54837, 0, 0, 0.97481, 21.24838, 0.97481, 21.24838, 0.93016, 16.19705, 0.76096, 9.84296, 0.76096, 9.84296, 0.76096, 9.84296, 0.76096, 9.84296, 0.76096, 9.84296, 0.90244, 13.06052, 0.93016, 16.19705, 0.9149, 18.49704, 0.9149, 18.49704, 0.9149, 18.49704, 0.9149, 18.49704, 0.9149, 18.49704 ]
						},
						{
							"time": 1.2333,
							"offset": 24,
							"vertices": [ 1.40748, -10.36231, 1.40748, -10.36231, 0, 0, 0, 0, 0, 0, 0, 0, 1.40748, -10.36231, 1.40748, -10.36231, 1.40748, -10.36231, 0, 0, 1.42274, -12.6623, 1.42274, -12.6623, 1.42274, -12.6623, 0.6838, -1.83327, 0.6838, -1.83327, 0.6838, -1.83327, 0.6838, -1.83327, 0.6838, -1.83327, 1.11919, -12.52014, 1.42274, -12.6623, 1.40748, -10.36231, 1.40748, -10.36231, 1.40748, -10.36231, 1.40748, -10.36231, 1.40748, -10.36231 ]
						},
						{
							"time": 1.4,
							"offset": 24,
							"vertices": [ 1.14323, 6.73443, 1.14323, 6.73443, 0, 0, 0, 0, 0, 0, 0, 0, 1.14323, 6.73443, 1.14323, 6.73443, 1.14323, 6.73443, 0, 0, 1.15849, 4.43445, 1.15849, 4.43445, 1.15849, 4.43445, 0.73607, 5.7173, 0.73607, 5.7173, 0.73607, 5.7173, 0.73607, 5.7173, 0.73607, 5.7173, 1.02358, 4.49763, 1.15849, 4.43445, 1.14323, 6.73443, 1.14323, 6.73443, 1.14323, 6.73443, 1.14323, 6.73443, 1.14323, 6.73443 ]
						}
					]
				}
			}
		}
	}
}
}